temperature;meteo;test;
2;22;1.2;
28;13;-2.7333333333333;
7;11;4.5;
12;29;2.4117647058824;
13;15;14;
4;17;1.6153846153846;
13;28;2.7333333333333;
9;34;1.72;
1;25;1.0833333333333;
31;12;-2.2631578947368;
