temperature;meteo;test;
2;22;0.0041322314049587;
28;13;0.16568047337278;
7;11;0.057851239669421;
12;29;0.014268727705113;
13;15;0.057777777777778;
4;17;0.013840830449827;
13;28;0.016581632653061;
9;34;0.0077854671280277;
1;25;0.0016;
31;12;0.21527777777778;
